title,viewCount,likeCount,dislikeCount,commentCount,publishedAt
【絵本紹介】知育などにもおすすめな絵本をたくさん紹介しました♡【Nami channel】,2218,45,1,2,2020-11-24T10:35:36Z
【購入品紹介】子どもへ買った購入品を紹介します！【みぃチャンネル】,469,20,0,2,2020-11-20T10:00:05Z
【ベビーグッズ】ママも子どもも嬉しいおすすめベビーグッズ紹介♡【Nami channel】,2668,46,4,2,2020-11-16T10:00:03Z
【お悩み相談】育児に関するお悩みや質問に答えたよ【るぅきぃ夫婦】,795,12,5,0,2020-11-15T10:00:07Z
【What's in my Bag】2児のママのリアルなマザーズバッグ【Nami channel】,10215,119,14,9,2020-11-11T10:00:32Z
【おもちゃ紹介】子どもが最近ハマっているおもちゃを紹介します！【るぅきぃ夫婦】,1340,26,1,0,2020-10-30T10:00:08Z
【時短メイク】時短におすすめコスメを紹介します！【Nami channel】,2525,46,7,5,2020-10-27T11:00:08Z
【時短スキンケア】これ1本で全て完結！本気でおすすめ！【りゅうちぇる】,1059,10,1,1,2020-10-14T10:34:33Z
【運動会】おしゃれで動きやすい運動会コーデを紹介します！【ほしのこCH】,14867,272,45,8,2020-10-09T10:30:01Z
【手芸】スタイ作りに挑戦してみました！【手作り】,1745,24,3,2,2020-10-07T10:00:19Z
【おもちゃ紹介】0才から遊べるおもちゃを紹介します！【高橋ユウ】,1036,2,0,0,2020-09-30T10:30:05Z
【ズボラ飯】時間のない日におすすめ簡単レシピ【料理】,1999,29,3,2,2020-09-28T10:00:13Z
【時短メイク】忙しいママ必見！真似しやすい時短メイク術【高橋ユウ】,1226,7,0,0,2020-09-24T10:30:03Z
【購入品紹介】子どもに向けて最近買ったもの【りゅうちぇる】,552,9,0,1,2020-09-19T04:00:00Z
【絵本紹介】子どもにもママにもおすすめの本を紹介します！【篠田麻里子】,1743,57,3,5,2020-09-14T09:00:04Z
【ベビーグッズ】お出かけに便利なアイテムを紹介するよ〜！【りゅうちぇる】,898,9,1,2,2020-09-11T10:00:30Z
【隙間時間】子どものお昼寝時間に簡単マッサージ【篠田麻里子】,1894,68,3,1,2020-09-10T10:00:11Z
【簡単時短】誰でも真似できる簡単時短メイク【りゅうちぇる】,879,25,0,2,2020-09-07T10:00:16Z
【初投稿】ママ割チャンネル始まりました！【ほしのこCH】,14121,211,46,33,2020-08-31T10:00:11Z
